{ 
  "id" : 1,
  "rep_map" : [
    {
      "str1" : "1xJmosVH6baysHAmuhGitWQwX",
      "str2" : "owOEcl6",
      "bool1" : false,
      "str_bool1" : "0010111001101011111011010",
      "str_bool2" : "1",
      "int1" : -101,
      "int2" : -4881,
      "int3" : -171205851,
      "int4" : -1702500926950845738,
      "int5" : -1702500926950845738,
      "dec1" : -75412676422516134.897532992514,
      "dec2" : -43577963268397786231643668173768.0,
      "dec3" : -0.78040209117983735099718147645279432305,
      "dec4" : -12448394989161826878631.0,
      "dec5" : 0.724,
      "dec6" : 935999397225485.0,
      "dec7" : 0.582362218845721776862,
      "dec8" : -49136.8,
      "dec9" : -3.23521210668,
      "dec10" : 96395434.0,
      "dec11" : -0.584936799038902,
      "dec12" : -23636.1,
      "dec13" : 9645519.0,
      "dec14" : -49137492.0,
      "dec15" : -0.443,
      "dec16" : -9.0,
      "dec17" : -93947118477235.4789739517059922820493825045631768173562,
      "dec18" : -0.0,
      "dec19" : -335741296254257969243929.0,
      "dec20" : 23486581163442524459867823974489458988.94525123037308506482479637913886025786537858,
      "dec21" : 96493665242981274339262525149528166413.0,
      "dec22" : 8979.51103637,
      "ts1" : "2010-5-20 8:39:6.795",
      "ts2" : "2010-2-12 12:25:31",
      "ts3" : "2010-10-3 5:11:52",
      "dt1" : "2010-7-5",
      "tm1" : "23:22:40.770",
      "tm2" : "4:39:54",
      "tm3" : "8:47:56"
    }
  ]
}
{
  "id" : 2,
  "rep_map" : [
    {
      "str1" : "OOOkN1rz5K0HmTdlpFLVXoJwr",
      "str2" : "LZwzjjyWc",
      "bool1" : false,
      "str_bool1" : "1101111101000110110110001",
      "str_bool2" : "11111",
      "int1" : 0,
      "int2" : -31600,
      "int3" : 1323424327,
      "int4" : -6824647877383604707,
      "int5" : 0,
      "dec1" : 87715686192589685718561.1,
      "dec2" : -81542612765813635.0,
      "dec3" : -0.716183162468,
      "dec4" : 35368522683154865645438.3999,
      "dec5" : 834139442.499986720,
      "dec6" : -9313835355344628.0,
      "dec7" : -0.044641466822992986459,
      "dec8" : -8855.0,
      "dec9" : 4.4175088927,
      "dec10" : 52243132919198771.0,
      "dec11" : 0.3896859357151,
      "dec12" : 819951.75,
      "dec13" : -499.6,
      "dec14" : 7.0,
      "dec15" : -0.67423,
      "dec16" : -8.86,
      "dec17" : -4624.76925366316414995688214419,
      "dec18" : 0.72461103598439879471834804058924688422983551,
      "dec19" : -85346249.0,
      "dec20" : 17777119397171256429362196368462699821.21579908652183191348979416499853499470951836,
      "dec21" : 83872844354873452374496249315269428554.0,
      "dec22" : -891997184185643344855351362747583246.2,
      "ts1" : "2010-9-3 9:27:23.42",
      "ts2" : "2010-6-13 23:25:36",
      "ts3" : "2010-9-22 3:39:24",
      "dt1" : "2010-3-23",
      "tm1" : "18:6:58.597",
      "tm2" : "2:46:31",
      "tm3" : "20:40:47"
    }
  ]
}
